Keyword,Position,Previous position,Search Volume,Keyword Difficulty,CPC,URL,Traffic,Traffic (%),Traffic Cost,Competition,Number of Results,Trends,Timestamp,SERP Features by Keyword,Keyword Intents,Position Type
72 hours,1,1,12100,50,0.94,https://72hours.com/collections/emergency-supplies,83,16.5,78.00,0,0,"[36,36,44,100,66,66,29,44,36,81,66,54]",2025-09-29,"Sitelinks, Reviews, Video, AMP, Image, Featured images, Video Carousel, People also ask, Related searches, People also search, AI overview",informational,AI overview
72 hour,2,2,720,32,1.08,https://72hours.com/,59,11.72,63.00,0,0,"[16,8,16,10,19,12,12,4,3,0,3,5]",2025-09-06,"Knowledge panel, Sitelinks, Reviews, Image, AI overview",informational,Organic
72 hours emergency supplies,2,2,1000,42,0.81,https://72hours.com/,30,5.96,24.00,1,0,"[45,45,62,62,36,30,55,36,81,100,55,100]",2025-09-03,"Knowledge panel, Sitelinks, Reviews, Image, Video Carousel, People also ask, Popular products",commercial,Organic
blue toothbrush,1,1,210,22,0.00,https://72hours.com/products/toothbrush-blue-5-0-13-cm,27,5.36,0.00,0.95,0,"[81,65,53,81,43,53,53,53,65,81,65,65]",2025-09-11,"Reviews, Image, Featured images, People also ask, Popular products, Related searches","informational, transactional",Featured images
72 hrs,1,1,590,40,1.08,https://72hours.com/,25,4.97,27.00,0,0,"[24,11,55,5,11,44,16,8,11,8,13,24]",2025-08-18,"Sitelinks, Reviews, AMP, Image, Featured images, Video Carousel, People also ask, Twitter carousel, Related searches",informational,Organic
72 hour survival kit,2,2,720,30,0.81,https://72hours.com/collections/emergency-kit,25,4.97,20.00,1,0,"[55,45,67,55,36,24,55,16,55,76,67,100]",2025-08-24,"Sitelinks, Image, Video Carousel, People also ask, Popular products, Discussions and forums",informational,Organic
clipboard with cover,1,1,170,5,2.11,https://72hours.com/products/clipboard-with-cover,22,4.37,46.00,1,0,"[65,65,65,34,43,34,53,43,53,53,34,34]",2025-08-29,"Sitelinks, Reviews, AMP, Image, Featured images, People also ask, Popular products, Discussions and forums","commercial, informational",Featured images
72 hour kit,4,4,880,44,0.89,https://72hours.com/collections/emergency-kit,21,4.17,18.00,1,0,"[16,20,24,44,27,16,27,24,24,24,20,27]",2025-08-29,"Sitelinks, Reviews, Image, People also ask, Popular products, Things to know, Discussions and forums",commercial,Organic
72 hour emergency kit,4,4,880,50,0.81,https://72hours.com/collections/emergency-kit,21,4.17,17.00,1,0,"[45,55,76,76,45,30,55,30,76,76,55,100]",2025-08-29,"Sitelinks, Image, People also ask, Discussions and forums",commercial,Organic
fire blankets for sale,3,3,720,25,1.28,https://72hours.com/collections/fire-blanket,17,3.37,21.00,1,0,"[4,5,10,3,100,52,16,10,8,8,8,4]",2025-09-05,"Sitelinks, Reviews, Image, People also ask, Popular products, Discussions and forums",transactional,Organic
72 hr,2,2,210,35,1.08,https://72hours.com/,17,3.37,18.00,0,0,"[14,21,17,17,48,32,5,39,32,21,14,14]",2025-08-21,"Sitelinks, Reviews, Video, Image, Featured images, Video Carousel, Related searches, AI overview",informational,Organic
72hours,1,1,590,55,1.08,https://72hours.com/,15,2.98,16.00,0,0,"[20,10,79,16,41,41,54,10,5,13,10,20]",2025-08-16,"Knowledge panel, Sitelinks, Video, Image, Video Carousel, Related searches, AI overview",navigational,Organic
72 hour,10,10,720,32,1.08,https://72hours.com/collections/emergency-kit,13,2.58,14.00,0,0,"[16,8,16,10,19,12,12,4,3,0,3,5]",2025-09-06,"Knowledge panel, Sitelinks, Reviews, Image, AI overview",informational,Organic
crankable flashlight,2,2,390,28,0.32,https://72hours.com/products/led-flashlight-dynamo-hand-crank,13,2.58,4.00,1,0,"[0,100,54,100,36,100,0,12,7,67,19,67]",2025-08-20,"Reviews, Image, Featured images, People also ask, Popular products",commercial,Organic
72 hour kits,1,1,390,47,0.89,https://72hours.com/collections/emergency-kit,13,2.58,11.00,1,0,"[36,16,45,55,24,16,76,24,24,24,13,30]",2025-08-19,"Sitelinks, Image, People also ask, Popular products",commercial,Organic
72 hours,1,1,12100,50,0.94,https://72hours.com/collections/real-meal-emergency-survival-kit,12,2.38,11.00,0,0,"[36,36,44,100,66,66,29,44,36,81,66,54]",2025-09-29,"Sitelinks, Reviews, Video, AMP, Image, Featured images, Video Carousel, People also ask, Related searches, People also search, AI overview",informational,AI overview
72 hour emergency packs,5,5,480,51,0.81,https://72hours.com/collections/emergency-kit,11,2.18,8.00,1,0,"[0,0,0,0,0,0,0,0,81,100,55,100]",2025-08-16,"Sitelinks, Reviews, Image, People also ask, Popular products",commercial,Organic
affirm discount code,1,1,320,20,0.00,https://72hours.com/pages/affirm,10,1.98,0.00,0.01,0,"[10,10,13,10,100,30,6,8,8,10,13,8]",2025-08-28,"Sitelinks, People also ask, Related searches, People also search, AI overview",transactional,People also ask
affirm coupon code,1,1,260,20,0.00,https://72hours.com/pages/affirm,10,1.98,0.00,0.01,0,"[15,12,23,23,100,81,15,12,15,19,15,19]",2025-08-26,"Sitelinks, People also ask, Related searches, People also search, AI overview",transactional,People also ask
auto survival kit,4,4,320,44,0.55,https://72hours.com/collections/car-emergency-kit,7,1.39,3.00,1,0,"[24,24,20,36,55,36,24,10,16,13,8,10]",2025-08-25,"Sitelinks, Reviews, Image, Video Carousel, People also ask, Popular products",commercial,Organic
72 hour survival kits,2,2,260,30,0.81,https://72hours.com/collections/deluxe-emergency-survival-kit,7,1.39,5.00,1,0,"[29,12,54,23,12,23,19,19,54,100,66,36]",2025-08-25,"Sitelinks, Image, Video Carousel, People also ask, Popular products, Discussions and forums",commercial,Organic
mechanical flashlight,4,4,210,21,0.54,https://72hours.com/products/led-flashlight-dynamo-hand-crank,5,0.99,2.00,1,0,"[29,35,43,54,54,35,43,35,43,29,100,43]",2025-09-06,"Knowledge panel, Sitelinks, Reviews, Image, Video Carousel, People also ask, Popular products",informational,Organic
fire blanket cost,3,3,210,26,0.66,https://72hours.com/collections/fire-blanket,5,0.99,3.00,1,0,"[29,36,29,36,66,54,15,19,19,15,15,12]",2025-08-25,"Sitelinks, Reviews, Video, Image, People also ask, Popular products","informational, transactional",Organic
wind up flashlight,4,4,590,34,0.30,https://72hours.com/products/led-flashlight-dynamo-hand-crank,5,0.99,1.00,1,0,"[30,55,45,67,45,55,45,24,36,55,45,30]",2025-08-21,"Knowledge panel, Sitelinks, Reviews, Video, Image, Video Carousel, People also ask, Popular products, Discussions and forums","informational, transactional",Organic
backpack emergency kit,6,6,260,31,0.66,https://72hours.com/collections/deluxe-emergency-survival-kit,4,0.79,2.00,1,0,"[20,16,24,24,16,55,36,10,10,13,20,16]",2025-08-28,"Sitelinks, Reviews, Image, Featured images, Video Carousel, People also ask, Popular products, Discussions and forums","informational, transactional",Organic
auto emergency kit,9,9,2400,39,0.49,https://72hours.com/collections/car-emergency-kit,3,0.59,1.00,1,0,"[12,35,44,44,100,44,54,23,7,8,10,12]",2025-09-12,"Sitelinks, Reviews, AMP, Image, Featured images, People also ask, Popular products, Discussions and forums",commercial,Organic
emergency tent,4,4,480,20,0.36,https://72hours.com/products/tube-tent,3,0.59,1.00,1,0,"[39,32,48,59,48,48,59,48,39,32,32,32]",2025-09-09,"Reviews, Image, Featured images, Video Carousel, People also ask, Popular products, Discussions and forums","informational, transactional",Featured images
ready wise,12,12,1000,48,1.86,https://72hours.com/collections/readywise-food-storage,3,0.59,5.00,1,0,"[82,34,44,55,24,20,24,30,30,34,34,55]",2025-08-26,"Knowledge panel, Sitelinks, Image, Featured images, Video Carousel, People also ask",informational,Organic
72hr,1,1,260,37,0.00,https://72hours.com/collections/emergency-kit,3,0.59,0.00,0,0,"[44,35,44,44,18,28,35,35,81,66,66,66]",2025-08-25,"Reviews, Video, Image, People also ask",informational,People also ask
hand crank flashlight,7,7,1600,31,0.33,https://72hours.com/products/led-flashlight-dynamo-hand-crank,2,0.39,0.00,0.86,0,"[79,100,100,79,66,54,54,41,66,41,54,66]",2025-10-06,"Sitelinks, Reviews, Video, Image, Featured images, Video Carousel, People also ask, Popular products, Related searches, Discussions and forums","commercial, informational",Organic
camping toilet lid,3,3,210,8,0.41,https://72hours.com/products/snap-on-toilet-lid,2,0.39,0.00,1,0,"[100,23,0,44,29,29,4,36,15,12,29,66]",2025-08-29,"Reviews, Image, Featured images, Video Carousel, People also ask, Popular products, Discussions and forums","commercial, informational",Organic
emergency backpacks,8,8,320,27,0.75,https://72hours.com/collections/deluxe-emergency-survival-kit,2,0.39,1.00,1,0,"[13,8,10,10,13,8,67,45,30,30,36,36]",2025-08-19,"Sitelinks, Reviews, Image, Video Carousel, People also ask, Popular products, Discussions and forums, AI overview","informational, transactional",Organic
72hours,1,1,590,55,1.08,https://72hours.com/collections/food,1,0.19,1.00,0,0,"[20,10,79,16,41,41,54,10,5,13,10,20]",2025-08-16,"Knowledge panel, Sitelinks, Video, Image, Video Carousel, Related searches, AI overview",navigational,AI overview
72hours,1,1,590,55,1.08,https://72hours.com/collections/emergency-supplies,1,0.19,1.00,0,0,"[20,10,79,16,41,41,54,10,5,13,10,20]",2025-08-16,"Knowledge panel, Sitelinks, Video, Image, Video Carousel, Related searches, AI overview",navigational,AI overview
automotive survival kit,9,9,320,41,0.55,https://72hours.com/collections/car-emergency-kit,1,0.19,0.00,1,0,"[19,44,44,54,100,29,29,23,19,19,15,15]",2025-08-17,"Sitelinks, Reviews, AMP, Image, Video Carousel, People also ask, Popular products, Discussions and forums",commercial,Organic
emergency car,7,7,260,51,1.96,https://72hours.com/collections/car-emergency-kit,1,0.19,1.00,0.16,0,"[14,81,54,18,66,54,66,54,66,54,66,54]",2025-08-31,"Local pack, AMP, Image, People also ask, Related searches, Things to know",commercial,Organic
home emergency survival kit,6,6,1600,71,0.45,https://72hours.com/collections/deluxe-emergency-survival-kit,1,0.19,0.00,1,0,"[2,13,2,7,2,3,100,66,44,81,0,16]",2025-10-05,"Sitelinks, Image, Video Carousel, People also ask, Popular products, Related searches, Explore brands",commercial,Explore brands
home emergency survival kit,18,18,1600,71,0.45,https://72hours.com/collections/deluxe-emergency-survival-kit,1,0.19,0.00,1,0,"[2,13,2,7,2,3,100,66,44,81,0,16]",2025-10-05,"Sitelinks, Image, Video Carousel, People also ask, Popular products, Related searches, Explore brands",commercial,Organic
oil siphon pump,12,12,720,27,0.42,https://72hours.com/products/oil-siphon-pump,1,0.19,0.00,1,0,"[100,88,100,100,72,72,72,48,72,59,88,59]",2025-08-19,"Sitelinks, Reviews, Video, Image, Shopping ads, Featured images, Video Carousel, People also ask, Popular products, Discussions and forums",transactional,Organic
kit 72 hours,3,3,880,43,0.89,https://72hours.com/collections/deluxe-emergency-survival-kit,1,0.19,0.00,1,0,"[45,45,67,100,76,45,100,55,67,67,45,76]",2025-09-09,"Sitelinks, Reviews, Image, Featured images, People also ask, Popular products, Discussions and forums",commercial,Organic
emergency bag for school,10,10,210,23,0.00,https://72hours.com/collections/school-survival-kits,0,0,0.00,0,0,"[30,100,20,3,6,0,8,6,3,0,3,3]",2025-09-08,"Sitelinks, Reviews, Video, Image, Featured images, Video Carousel, People also ask, Popular products, Discussions and forums",informational,Organic
automobile survival kit,11,11,260,39,0.55,https://72hours.com/collections/car-emergency-kit,0,0,0.00,1,0,"[16,20,20,25,25,13,5,3,8,5,5,5]",2025-08-18,"Sitelinks, Reviews, Image, People also ask, Popular products, Discussions and forums","commercial, informational",Organic
fireblankets,16,16,260,41,1.33,https://72hours.com/collections/fire-blanket,0,0,0.00,1,0,"[5,1,5,5,16,16,13,4,11,4,5,5]",2025-08-24,"Sitelinks, Reviews, Video, Image, Featured images, People also ask, Popular products, Things to know, Discussions and forums","commercial, informational",Organic
carabiner camping mugs,10,10,170,7,0.00,https://72hours.com/products/stainless-steel-mug-gift,0,0,0.00,0,0,"[100,0,0,0,0,0,0,0,0,0,0,0]",2025-08-22,"Sitelinks, Reviews, Image, Featured images, People also ask, Popular products","informational, transactional",Organic
72 hour bag,8,8,320,29,0.94,https://72hours.com/collections/deluxe-emergency-survival-kit,0,0,0.00,1,0,"[44,36,54,66,36,36,54,44,54,44,36,54]",2025-09-11,"Sitelinks, Video, Image, Video Carousel, People also ask, Popular products",commercial,Organic
lifestraw family,14,14,170,28,0.78,https://72hours.com/products/lifestraw-family-1-0,0,0,0.00,1,0,"[18,29,43,66,29,29,29,43,54,54,29,43]",2025-09-09,"Knowledge panel, Sitelinks, Image, Video Carousel, People also ask, Popular products","informational, transactional",Organic
72 hrs emergency kit,4,4,320,42,0.81,https://72hours.com/,0,0,0.00,1,0,"[54,66,66,100,29,29,23,36,36,29,44,0]",2025-08-31,"Sitelinks, Reviews, Image, Video Carousel, People also ask, Popular products",informational,Organic
mre food packs,17,17,590,31,0.52,https://72hours.com/collections/mres,0,0,0.00,1,0,"[100,66,81,100,66,54,66,54,54,66,81,81]",2025-09-03,"Sitelinks, Reviews, Video, Image, People also ask, Popular products, Discussions and forums","commercial, informational",Organic
gas stove for camping,13,13,480,36,0.27,https://72hours.com/products/piezo-ignition-compact-camping-stove,0,0,0.00,1,0,"[16,24,13,30,13,24,54,8,8,24,0,8]",2025-08-15,"Reviews, Image, Featured images, Video Carousel, People also ask, Popular products",commercial,Featured images
emergency fire blankets,16,16,390,19,1.23,https://72hours.com/collections/fire-blanket,0,0,0.00,1,0,"[16,81,16,30,55,36,8,13,16,13,8,20]",2025-08-23,"Sitelinks, Reviews, Video, Image, Video Carousel, People also ask, Popular products, Discussions and forums","commercial, informational",Organic
portable toilet cover,5,5,170,19,0.99,https://72hours.com/products/snap-on-toilet-lid,0,0,0.00,0.69,0,"[80,80,80,53,53,53,80,53,65,65,80,100]",2025-09-07,"Sitelinks, Reviews, Image, Featured images, People also ask, Popular products, Discussions and forums","informational, transactional",Organic
72 hours survival kit,2,2,170,34,0.81,https://72hours.com/collections/emergency-kit,0,0,0.00,1,0,"[4,4,5,5,2,3,5,36,100,67,3,7]",2025-08-24,"Sitelinks, Image, Featured images, Video Carousel, People also ask, Popular products, Discussions and forums",informational,Organic
5 gallon mylar storage bags,19,19,170,22,0.89,https://72hours.com/products/5-gallon-mylar-bag-open-end,0,0,0.00,1,0,"[81,100,65,100,34,53,43,21,15,28,65,53]",2025-08-18,"Sitelinks, Reviews, Video, Image, Featured images, Video Carousel, People also ask, Popular products","informational, transactional",Organic
300cc oxygen absorbers,19,19,210,6,2.59,https://72hours.com/products/300-cc-oxygen-absorbers,0,0,0.00,0.78,0,"[2,2,2,2,2,2,23,67,36,36,100,10]",2025-09-06,"Sitelinks, Reviews, Image, Featured images, Video Carousel, People also ask, Popular products, Discussions and forums","commercial, informational",Organic
survival kit backpack,8,8,590,25,0.66,https://72hours.com/collections/deluxe-emergency-survival-kit,0,0,0.00,1,0,"[16,20,16,30,24,36,36,30,24,24,24,30]",2025-08-21,"Sitelinks, Reviews, Video, Image, Video Carousel, People also ask, Popular products, Things to know","informational, transactional",Organic
safety triangle,18,18,1000,32,4.58,https://72hours.com/products/auto-emergency-warning-triangle,0,0,0.00,1,0,"[67,76,67,100,67,76,100,67,55,76,100,76]",2025-09-10,"Sitelinks, Reviews, AMP, Image, Featured images, Video Carousel, People also ask, Popular products, Things to know",informational,Organic
survival backpack kit,17,17,320,9,0.71,https://72hours.com/collections/deluxe-emergency-survival-kit,0,0,0.00,1,0,"[10,16,24,36,16,30,45,30,24,16,10,30]",2025-08-17,"Sitelinks, Image, Shopping ads, Featured images, Video Carousel, People also ask, Popular products","informational, transactional",Organic
survival kit stuff,12,12,210,49,0.31,https://72hours.com/collections/deluxe-emergency-survival-kit,0,0,0.00,1,0,"[100,0,23,44,0,29,19,23,6,19,44,29]",2025-08-17,"Sitelinks, Reviews, Featured snippet, Image, Featured images, Video Carousel, People also ask, Popular products, Explore brands",commercial,Explore brands
72 hour emergency pack,2,2,210,35,0.81,https://72hours.com/collections/emergency-kit,0,0,0.00,1,0,"[66,28,100,100,35,35,28,23,0,6,0,0]",2025-08-31,"Sitelinks, Video, Image, Video Carousel, People also ask, Popular products, Discussions and forums",commercial,Organic
emergency road kit,11,11,390,31,0.55,https://72hours.com/collections/car-emergency-kit,0,0,0.00,1,0,"[36,8,16,10,30,55,30,6,55,3,8,67]",2025-08-28,"Sitelinks, AMP, Image, Shopping ads, Featured images, Video Carousel, People also ask, Popular products, Discussions and forums",commercial,Organic
survival stuff for sale,15,15,210,41,0.37,https://72hours.com/collections/emergency-kit,0,0,0.00,1,0,"[43,43,65,65,100,100,81,53,53,43,34,34]",2025-09-08,"Local pack, Sitelinks, Reviews, Image, Popular products, Explore brands",transactional,Explore brands
roadside emergency kit car,11,11,260,39,0.47,https://72hours.com/collections/car-emergency-kit,0,0,0.00,1,0,"[0,1,11,13,13,100,16,4,13,1,0,0]",2025-09-02,"Sitelinks, Reviews, AMP, Image, Featured images, People also ask, Popular products",commercial,Organic
mre rations,20,20,390,40,0.51,https://72hours.com/collections/mres,0,0,0.00,1,0,"[67,5,100,12,54,44,54,36,44,44,44,29]",2025-08-21,"Sitelinks, Video, AMP, Image, People also ask, Popular products",commercial,Organic
meal ready to eat buy,13,13,390,23,0.60,https://72hours.com/collections/mres,0,0,0.00,1,0,"[67,81,36,81,23,44,15,29,12,15,67,100]",2025-08-29,"Sitelinks, Reviews, Image, Video Carousel, People also ask, Popular products, Discussions and forums",transactional,Organic
mountain house foods,2,2,480,19,0.68,https://72hours.com/collections/mountain-house,0,0,0.00,1,0,"[13,13,16,13,11,7,16,20,13,13,16,30]",2025-09-08,"Knowledge panel, Sitelinks, Video, Image, Video Carousel, People also ask, Popular products, Things to know",navigational,Things to know
mre packages,6,6,390,28,0.52,https://72hours.com/collections/mres,0,0,0.00,1,0,"[66,66,54,100,29,36,66,36,36,6,4,100]",2025-08-19,"Sitelinks, Image, People also ask, Popular products, Related searches","informational, transactional",Organic
affirm discount code,17,17,320,20,0.00,https://72hours.com/pages/affirm,0,0,0.00,0.01,0,"[10,10,13,10,100,30,6,8,8,10,13,8]",2025-08-28,"Sitelinks, People also ask, Related searches, People also search, AI overview",transactional,Organic
family emergency survival kits,14,14,170,48,0.87,https://72hours.com/collections/deluxe-emergency-survival-kit,0,0,0.00,0.75,0,"[81,28,23,18,8,18,28,11,11,23,11,100]",2025-09-01,"Sitelinks, Reviews, Image, People also ask, Popular products, Discussions and forums, Explore brands","informational, transactional",Explore brands
collapsible shovel snow,18,18,170,8,0.00,https://72hours.com/products/3-in-1-collapsible-snow-shovel,0,0,0.00,0.65,0,"[5,9,14,17,32,39,48,21,5,7,7,5]",2025-08-29,"Sitelinks, Reviews, Image, Featured images, Video Carousel, People also ask, Popular products, Discussions and forums",informational,Organic
mountain house meals sale,20,20,170,37,1.19,https://72hours.com/collections/mountain-house,0,0,0.00,1,0,"[100,66,43,43,17,23,43,53,23,28,35,43]",2025-08-25,"Sitelinks, Reviews, Image, Popular products",transactional,Organic
mres food,16,16,210,36,4.39,https://72hours.com/collections/mres,0,0,0.00,1,0,"[1,2,0,0,1,0,16,8,7,3,8,16]",2025-08-26,"Knowledge panel, Sitelinks, Video, AMP, Image, Featured images, People also ask, Popular products, Discussions and forums","commercial, informational",Organic
tube tent,6,6,480,20,0.25,https://72hours.com/products/tube-tent,0,0,0.00,1,0,"[59,59,59,72,39,39,59,59,39,32,39,48]",2025-08-14,"Sitelinks, Reviews, Image, Featured images, People also ask, Popular products","commercial, informational",Featured images
tube tent,14,14,480,20,0.25,https://72hours.com/products/tube-tent,0,0,0.00,1,0,"[59,59,59,72,39,39,59,59,39,32,39,48]",2025-08-14,"Sitelinks, Reviews, Image, Featured images, People also ask, Popular products","commercial, informational",Organic
mountainhouse food,13,13,260,31,0.68,https://72hours.com/collections/mountain-house,0,0,0.00,1,0,"[8,10,4,13,4,4,8,13,13,13,20,16]",2025-08-19,"Sitelinks, Reviews, Image, Video Carousel, Popular products, Things to know, AI overview","commercial, navigational",Organic
carabiner handle mugs,4,4,170,6,0.00,https://72hours.com/products/stainless-steel-mug-gift,0,0,0.00,0,0,"[100,0,0,0,0,0,0,0,0,0,0,0]",2025-08-22,"Sitelinks, Reviews, Image, Featured images, People also ask, Popular products","informational, transactional",Organic
roadside kit for car,19,19,260,39,0.39,https://72hours.com/collections/car-emergency-kit,0,0,0.00,1,0,"[26,21,26,26,39,72,17,17,21,17,26,17]",2025-09-04,"Sitelinks, Reviews, AMP, Image, Featured images, Video Carousel, People also ask, Popular products, Discussions and forums",commercial,Organic
seventy two hour kits,3,3,320,31,0.89,https://72hours.com/collections/emergency-kit,0,0,0.00,1,0,"[17,14,17,17,11,21,17,9,4,59,59,100]",2025-08-24,"Sitelinks, Reviews, Image, People also ask, Popular products, Related searches",informational,Organic
dynamo torch,20,20,210,27,0.00,https://72hours.com/products/led-flashlight-dynamo-hand-crank,0,0,0.00,0.09,0,"[34,65,65,53,65,65,81,81,81,81,81,81]",2025-09-01,"Reviews, Video, AMP, Image, Featured images, Video Carousel, People also ask, Popular products, Discussions and forums","informational, transactional",Organic
flashlight with hand crank,5,5,480,33,0.33,https://72hours.com/products/led-flashlight-dynamo-hand-crank,0,0,0.00,1,0,"[76,76,45,55,30,100,0,20,8,8,16,20]",2025-08-17,"Sitelinks, Reviews, Video, Image, Featured images, People also ask, Popular products",informational,Organic
72 hour disaster kit,14,14,320,36,0.81,https://72hours.com/,0,0,0.00,1,0,"[66,81,81,81,35,35,35,44,18,35,81,81]",2025-08-31,"Sitelinks, Reviews, Image, Video Carousel, People also ask, Popular products, Discussions and forums",commercial,Organic
dynamo flashlight,16,16,390,11,0.41,https://72hours.com/products/led-flashlight-dynamo-hand-crank,0,0,0.00,0.84,0,"[7,8,11,16,13,11,13,13,13,16,20,13]",2025-08-18,"Knowledge panel, Reviews, Image, Video Carousel, People also ask, Popular products","informational, transactional",Organic
fire blanket price,3,3,260,16,0.66,https://72hours.com/collections/fire-blanket,0,0,0.00,1,0,"[44,44,29,44,81,54,19,19,12,6,12,12]",2025-08-21,"Sitelinks, Reviews, Image, People also ask, Popular products, Discussions and forums",transactional,Organic
mountain house.,4,4,170,43,0.00,https://72hours.com/collections/mountain-house,0,0,0.00,0,0,"[3,100,30,3,2,3,3,2,3,2,3,3]",2025-09-08,"Sitelinks, Reviews, Image, Featured images, Video Carousel, Popular products, Things to know, Discussions and forums",navigational,Things to know
mountain house stroganoff,16,16,210,17,0.47,https://72hours.com/products/mountain-house-beef-stroganoff-with-noodles-pouch-two-serving,0,0,0.00,1,0,"[66,100,43,43,43,35,53,43,53,66,53,66]",2025-08-17,"Reviews, Image, Featured images, Video Carousel, People also ask, Popular products, Related searches, Discussions and forums, People also search","informational, transactional",Organic
mountain house 10 cans,19,19,210,15,0.94,https://72hours.com/products/beef-stew-10-can-package-mountain-house,0,0,0.00,1,0,"[29,23,23,29,23,15,23,23,23,23,29,36]",2025-08-27,"Reviews, Video, Image, Featured images, People also ask, Popular products","informational, transactional",Organic
72 hrs,9,9,590,40,1.08,https://72hours.com/,0,0,0.00,0,0,"[24,11,55,5,11,44,16,8,11,8,13,24]",2025-08-18,"Sitelinks, Reviews, AMP, Image, Featured images, Video Carousel, People also ask, Twitter carousel, Related searches",informational,Featured images
72 hrs,10,10,590,40,1.08,https://72hours.com/collections/deluxe-emergency-survival-kit,0,0,0.00,0,0,"[24,11,55,5,11,44,16,8,11,8,13,24]",2025-08-18,"Sitelinks, Reviews, AMP, Image, Featured images, Video Carousel, People also ask, Twitter carousel, Related searches",informational,Organic
emergency kits for sale,12,12,260,38,0.73,https://72hours.com/collections/emergency-kit,0,0,0.00,1,0,"[43,43,66,81,81,100,81,22,14,43,35,29]",2025-08-28,"Local pack, Sitelinks, Reviews, Image, People also ask, Popular products, Explore brands",transactional,Organic
mountain house beef stew,7,7,260,28,0.56,https://72hours.com/products/mountain-house-beef-stew-pouch-one-serving,0,0,0.00,0.99,0,"[20,20,20,20,20,20,24,16,16,16,16,16]",2025-08-17,"Sitelinks, Video, Featured images, People also ask, Short videos",navigational,Organic
family lifestraw,11,11,170,28,0.78,https://72hours.com/products/lifestraw-family-1-0,0,0,0.00,1,0,"[35,35,53,66,43,35,12,66,66,66,35,66]",2025-08-25,"Reviews, Video, Image, Featured images, Video Carousel, People also ask, Popular products, Discussions and forums","informational, transactional",Organic
where to buy fire blanket,13,13,260,35,0.91,https://72hours.com/collections/fire-blanket,0,0,0.00,1,0,"[36,29,29,44,81,81,23,15,15,15,10,10]",2025-08-24,"Local pack, Sitelinks, Reviews, Image, Video Carousel, People also ask, Popular products, Discussions and forums",transactional,Organic
tent tube,12,12,210,22,0.25,https://72hours.com/products/tube-tent,0,0,0.00,1,0,"[66,43,35,35,43,81,66,43,43,43,35,35]",2025-08-23,"Sitelinks, Reviews, Video, Image, Featured images, Video Carousel, People also ask, Popular products, Discussions and forums","informational, transactional",Featured images
flashlight wind up,2,2,260,29,0.30,https://72hours.com/products/led-flashlight-dynamo-hand-crank,0,0,0.00,1,0,"[54,81,44,100,44,66,28,35,18,35,44,28]",2025-08-24,"Sitelinks, Reviews, Video, Image, Featured images, Video Carousel, People also ask, Popular products","informational, transactional",Organic
thermal blankets,16,16,1300,20,0.74,https://72hours.com/products/thermal-blanket,0,0,0.00,1,0,"[7,19,15,28,28,36,36,28,8,5,5,10]",2025-09-07,"Sitelinks, Reviews, Image, Featured images, People also ask, Popular products, Things to know","commercial, informational",Organic
where to purchase fire blankets,15,15,260,30,0.91,https://72hours.com/collections/fire-blanket,0,0,0.00,1,0,"[36,44,36,36,81,100,10,12,12,10,10,7]",2025-08-23,"Local pack, Sitelinks, Reviews, Image, Shopping ads, People also ask, Popular products, Discussions and forums",transactional,Organic
earthquake alarm,14,14,320,55,0.00,https://72hours.com/products/earthquake-detector-quake-alarm,0,0,0.00,0.04,0,"[11,48,32,39,14,26,17,17,32,72,32,21]",2025-08-21,"Sitelinks, Reviews, Image, People also ask, Things to know","commercial, informational",Organic
candles for survival,14,14,170,18,0.36,https://72hours.com/products/36-hour-candle-survival,0,0,0.00,1,0,"[0,44,8,66,54,66,11,35,18,18,18,15]",2025-08-26,"Sitelinks, Reviews, Video, AMP, Image, Featured images, Video Carousel, People also ask, Popular products",commercial,Featured images
mask ready,10,10,590,7,2.56,https://72hours.com/products/reusable-face-mask-black-v2-pack-of-3-ready-first-aid,0,0,0.00,0.95,0,"[55,67,45,55,20,45,13,24,100,10,67,30]",2025-08-27,"Video, Image, Featured images, People also ask",informational,Organic
mylar thermal blanket,7,7,170,28,0.82,https://72hours.com/products/thermal-blanket,0,0,0.00,1,0,"[22,22,29,43,35,54,66,35,22,29,35,22]",2025-09-06,"Sitelinks, Reviews, Image, Video Carousel, People also ask, Popular products, Discussions and forums",commercial,Organic
sleeping bag emergency,14,14,390,13,0.35,https://72hours.com/products/emergency-sleeping-bag,0,0,0.00,1,0,"[45,62,36,24,8,30,30,3,16,16,13,10]",2025-08-21,"Sitelinks, Reviews, Image, Featured images, Video Carousel, People also ask, Popular products, Discussions and forums","informational, transactional",Organic
meals ready to eat with heater,9,9,880,20,0.38,https://72hours.com/products/xmre-12-meal-case-with-flameless-heaters,0,0,0.00,0.68,0,"[67,76,36,67,24,67,13,100,100,100,76,67]",2025-08-25,"Sitelinks, Reviews, Image, People also ask, Popular products, Discussions and forums","informational, transactional",Organic
cranking flashlight,9,9,480,36,0.32,https://72hours.com/products/led-flashlight-dynamo-hand-crank,0,0,0.00,1,0,"[8,67,67,55,100,76,24,0,0,20,20,10]",2025-09-01,"Sitelinks, Reviews, Video, Image, Featured images, Video Carousel, People also ask, Popular products, Discussions and forums","informational, transactional",Organic
datrex,16,16,480,28,1.32,https://72hours.com/collections/datrex,0,0,0.00,0.99,0,"[39,48,59,59,39,39,48,48,59,59,59,59]",2025-09-09,"Local pack, Sitelinks, Image, Featured images, Video Carousel, People also ask, Popular products","commercial, navigational",Organic
emergency bags for schools,16,16,210,14,1.17,https://72hours.com/collections/school-survival-kits,0,0,0.00,0.39,0,"[59,100,17,11,7,9,9,7,9,1,2,32]",2025-08-15,"Sitelinks, Reviews, Image, Featured images, Video Carousel, People also ask, Popular products, Discussions and forums, AI overview",informational,Organic
traction mats for cars,14,14,170,24,0.51,https://72hours.com/products/72hrs-car-tire-traction-mat-set-of-2,0,0,0.00,0.85,0,"[8,10,10,10,22,54,81,100,35,22,22,29]",2025-08-15,"Sitelinks, Reviews, Image, Featured images, Video Carousel, People also ask, Popular products, Discussions and forums",commercial,Organic
keychain door opener,20,20,320,27,0.78,https://72hours.com/products/contactless-door-opener-keychain-72hours,0,0,0.00,1,0,"[72,100,48,72,14,39,0,21,26,7,7,0]",2025-08-17,"Sitelinks, Reviews, Video, Image, Featured images, People also ask, Popular products",informational,Organic
clipboard with cover,8,8,170,5,2.11,https://72hours.com/products/clipboard-with-cover,0,0,0.00,1,0,"[65,65,65,34,43,34,53,43,53,53,34,34]",2025-08-29,"Sitelinks, Reviews, AMP, Image, Featured images, People also ask, Popular products, Discussions and forums","commercial, informational",Organic
backpack emergency,9,9,260,23,0.75,https://72hours.com/collections/deluxe-emergency-survival-kit,0,0,0.00,1,0,"[100,54,44,28,18,54,35,15,15,8,11,81]",2025-08-16,"Sitelinks, Reviews, Image, Shopping ads, Featured images, People also ask, Popular products, Discussions and forums","informational, transactional",Organic
traction mats,13,13,880,13,1.40,https://72hours.com/products/72hrs-car-tire-traction-mat-set-of-2,0,0,0.00,1,0,"[20,24,24,24,41,54,66,66,36,20,24,24]",2025-09-03,"Sitelinks, Reviews, Video, Image, Featured images, Video Carousel, People also ask, Popular products, Things to know, Discussions and forums",commercial,Organic
survival kit 72 hours,8,8,170,37,0.81,https://72hours.com/,0,0,0.00,1,0,"[43,35,53,82,35,53,35,35,100,0,0,0]",2025-09-06,"Sitelinks, Image, Video Carousel, People also ask, Popular products",commercial,Organic
toilet lid for 5 gallon bucket,15,15,210,12,0.34,https://72hours.com/products/snap-on-toilet-lid,0,0,0.00,1,0,"[35,35,43,53,53,53,43,43,53,43,66,82]",2025-09-10,"Reviews, Video, AMP, Image, Featured images, People also ask, Popular products","informational, transactional",Organic
72 hour backpack,3,3,170,25,0.86,https://72hours.com/collections/deluxe-emergency-survival-kit,0,0,0.00,1,0,"[65,53,53,65,65,53,65,43,43,43,34,65]",2025-09-03,"Image, Featured images, Video Carousel, People also ask, Popular products, Discussions and forums","commercial, informational",Organic
fire blanket for house,12,12,720,27,1.21,https://72hours.com/collections/fire-blanket,0,0,0.00,1,0,"[30,36,36,45,81,81,81,24,24,24,16,20]",2025-08-17,"Sitelinks, Reviews, Video, Image, Featured images, Video Carousel, People also ask, Popular products, Discussions and forums","informational, transactional",Organic
mre pack,7,7,320,36,0.52,https://72hours.com/collections/mres,0,0,0.00,1,0,"[59,9,0,100,11,26,14,21,17,59,48,26]",2025-09-05,"Sitelinks, Reviews, Video, Image, Video Carousel, People also ask, Popular products, Discussions and forums",commercial,Organic
crank flashlight,4,4,1000,33,0.32,https://72hours.com/products/led-flashlight-dynamo-hand-crank,0,0,0.00,1,0,"[62,62,62,100,81,55,81,55,55,55,62,45]",2025-08-27,"Sitelinks, Reviews, Video, Image, Featured images, Video Carousel, People also ask, Popular products, Discussions and forums","commercial, informational",Organic
72 hour food kit,11,11,210,33,1.24,https://72hours.com/collections/emergency-kit,0,0,0.00,1,0,"[35,54,100,81,35,22,54,35,35,29,22,29]",2025-09-03,"Sitelinks, Reviews, Video, Image, People also ask, Popular products, Discussions and forums",commercial,Organic
backpack survival kit,5,5,260,29,0.66,https://72hours.com/collections/deluxe-emergency-survival-kit,0,0,0.00,1,0,"[4,29,15,44,15,81,81,81,12,12,9,36]",2025-09-03,"Sitelinks, Reviews, Image, People also ask, Popular products, Discussions and forums","informational, transactional",Organic
best hand crank flashlight,3,3,170,25,0.43,https://72hours.com/products/led-flashlight-dynamo-hand-crank,0,0,0.00,1,0,"[53,42,80,100,100,80,100,53,65,80,53,53]",2025-09-01,"Sitelinks, Reviews, Video, Image, Shopping ads, Featured images, Video Carousel, People also ask, Popular products, Discussions and forums",commercial,Organic
crank flashlights,3,3,260,26,0.32,https://72hours.com/products/led-flashlight-dynamo-hand-crank,0,0,0.00,1,0,"[81,66,66,100,81,43,100,43,35,35,10,35]",2025-08-26,"Sitelinks, Video, Image, Featured images, Video Carousel, People also ask, Popular products, Discussions and forums","informational, transactional",Organic
stove fuel tablets,17,17,260,8,0.20,https://72hours.com/products/folding-stove-w-24-fuel-tablets,0,0,0.00,1,0,"[0,81,44,0,29,0,0,36,23,15,67,54]",2025-08-26,"Reviews, Video, Image, Featured images, Video Carousel, People also ask, Popular products, Discussions and forums, Explore brands","informational, transactional",Explore brands
